n_layers,n_latent,resolution,n_clusters,n_small_clusters,silhouette,calinski_harabasz,davies_bouldin,dn_im_mean,dn_im_max,pool_im_mean,pool_im_max,score
12,40,0.1,3,0,0.168290604021113,4739.96309078893,1.8988723383559,0.008,0.009,0.003,0.004,0.191401524724969
12,10,0.1,4,0,0.154792957137594,4486.61026244561,1.61782425677415,0.008,0.012,0.005,0.006,0.186341044582459
10,50,0.1,4,0,0.159442576826801,4331.39164015111,1.74958343467897,0.007,0.014,0.007,0.012,0.161053815366459
10,20,0.1,5,0,0.150242538308437,4480.25879902561,1.37383117647165,0.014,0.039,0.007,0.017,0.159872360612553
12,20,0.1,4,0,0.148263816871318,3976.77681224384,1.66989113069646,0.011,0.019,0.006,0.012,0.132113544413864
10,50,0.15,7,0,0.157064760651209,3553.86434002394,1.42329462965965,0.018,0.037,0.023,0.083,0.031428514686441
8,10,0.1,7,0,0.137369626520829,4916.87468327304,1.21881968475127,0.03,0.094,0.022,0.086,0.029331392209354
5,50,0.1,2,0,0.122424983629779,2345.11485611893,2.45199719149058,0.005,0.008,0.001,0.002,-0.0215189927133325
10,20,0.2,11,0,0.12529512601882,3244.79547803991,1.47231094972123,0.025,0.093,0.015,0.035,-0.0276961950513075
10,50,0.3,11,0,0.099245506447636,3118.0673826864,1.414591742746,0.023,0.065,0.016,0.046,-0.036310298692644
8,10,0.15,9,0,0.0577664412460816,4241.44247291337,1.26332236539144,0.033,0.094,0.017,0.04,-0.040493671647394
10,20,0.15,7,1,0.158534293091101,3903.46552501984,1.45739164988108,0.03,0.079,0.026,0.117,-0.044031595646015
8,10,0.2,12,0,0.0763026548116603,3948.29802300891,1.42600034128321,0.032,0.11,0.018,0.045,-0.0738824781662152
10,50,0.25,9,0,0.037662819057464,3277.35787960857,1.31108570401106,0.019,0.038,0.022,0.074,-0.0825778573632135
10,40,0.2,8,0,0.105733310809519,3075.29372215129,1.51186529732406,0.025,0.053,0.021,0.093,-0.0836885328153225
12,20,0.25,9,0,0.047254349470714,2655.84474080202,1.54856972045543,0.019,0.041,0.022,0.035,-0.091810385534728
12,40,0.25,7,0,0.0599362862604749,3169.21470224584,1.70302573723624,0.021,0.062,0.023,0.038,-0.0959055523508571
10,50,0.35,14,0,0.0991704625017799,2877.54832423705,1.48091115633812,0.028,0.063,0.021,0.079,-0.0960432369201796
12,40,0.3,10,1,0.0827795956949246,2878.56672908237,1.6525284868216,0.026,0.075,0.018,0.039,-0.0965449165331169
10,20,0.35,16,0,0.0659369016803423,2845.9138081841,1.3963307630734,0.033,0.079,0.022,0.056,-0.121400484217793
8,10,0.3,15,0,0.105627261295337,3852.28644083572,1.36798888145878,0.038,0.112,0.026,0.109,-0.123557304808755
8,10,0.5,23,1,0.110103989163393,3504.42498396352,1.26716034053273,0.044,0.119,0.028,0.093,-0.125390795691704
8,30,0.4,10,0,0.10156005591278,2288.96227802912,1.68190011988856,0.029,0.094,0.02,0.047,-0.14218184217462
10,50,0.5,17,1,0.051932330328588,2527.69765576673,1.48973127483566,0.026,0.063,0.02,0.065,-0.144655914366642
10,50,0.2,8,1,0.153615137490002,3272.96609715184,1.32372632933806,0.029,0.104,0.039,0.159,-0.146109190586212
10,20,0.3,14,1,0.0939445293010412,2797.60620360041,1.47076580462109,0.037,0.077,0.025,0.095,-0.147251740981047
10,20,0.25,12,0,0.0651383409693606,2942.78324580742,1.55648507125944,0.032,0.1,0.021,0.061,-0.157371003866212
10,10,0.25,8,0,0.0381917159814944,2958.15089911677,1.67027577043189,0.029,0.091,0.017,0.04,-0.157928316105856
8,50,0.35,9,0,0.0951775142188537,2463.56940913447,1.6743509242443,0.031,0.072,0.024,0.089,-0.165079107748853
10,50,0.45,16,0,0.0989286167443849,2689.27736861887,1.50534695985371,0.032,0.124,0.025,0.067,-0.165142210810043
10,40,0.4,12,0,0.0621764772470355,2662.77879341033,1.51077027778422,0.022,0.08,0.024,0.085,-0.16676161086087
8,30,0.45,10,0,0.0875033606882153,2249.07500247446,1.75889750100481,0.03,0.106,0.018,0.04,-0.169932639288543
12,10,0.15,6,1,0.15581531179471,3611.37685859872,1.44764833115056,0.034,0.133,0.036,0.159,-0.17038067839041
10,10,0.4,14,0,0.0717524202068663,2550.720882736,1.62183027394439,0.03,0.085,0.023,0.071,-0.171894563050773
10,10,0.45,16,0,0.0652297150071912,2486.3455249318,1.5297866841888,0.031,0.094,0.023,0.061,-0.172431677165099
10,30,0.1,5,1,0.170546998165601,3796.92828124114,1.41685577109769,0.041,0.139,0.042,0.17,-0.173292164882111
10,10,0.5,15,0,0.0659120024490668,2443.52007914846,1.59577614254705,0.031,0.106,0.021,0.046,-0.175489607848215
12,30,0.35,12,1,0.106346993141184,2745.28160618357,1.5962643141892,0.025,0.075,0.028,0.137,-0.181015357968558
12,40,0.35,13,0,0.0729850447207731,2597.52280766295,1.57252850582033,0.028,0.118,0.027,0.057,-0.184391665478112
10,40,0.1,4,1,0.153402792913418,3301.92332181448,1.59569522868769,0.03,0.1,0.045,0.17,-0.186070563864627
10,20,0.5,22,2,0.0679214523252732,2482.2648473754,1.37798714958032,0.039,0.106,0.028,0.071,-0.189764020263989
10,30,0.15,5,1,0.172700362096559,3827.23457593354,1.4206367496664,0.042,0.145,0.045,0.18,-0.190001584073404
10,50,0.4,13,0,0.0569989166739473,2798.32070543322,1.52266696240721,0.028,0.088,0.025,0.094,-0.190351744295113
10,20,0.4,17,1,0.0877752681615293,2724.68279835765,1.51400944525292,0.039,0.083,0.029,0.115,-0.19339153644588
8,10,0.4,19,0,0.0896699370492926,3367.42530122428,1.40701002910777,0.039,0.149,0.027,0.096,-0.19365980080027
8,10,0.25,14,0,0.0741406957010492,3651.28125297627,1.37549079599001,0.037,0.156,0.024,0.097,-0.194844321249138
8,10,0.6,27,3,0.124059293069195,3359.46165047288,1.25517780855959,0.045,0.198,0.032,0.092,-0.20048540526312
10,30,0.2,7,1,0.164801734115564,3416.49862965403,1.41221245467255,0.036,0.145,0.034,0.18,-0.20059457986899
12,10,0.2,7,1,0.126551579410471,3265.76868586375,1.43537809531653,0.033,0.139,0.03,0.151,-0.206697795827995
10,30,0.25,8,1,0.145660236397103,3266.86128579834,1.40860016155191,0.036,0.139,0.03,0.17,-0.206856715468171
12,20,0.6,20,1,0.030278731005985,2039.71869805712,1.60305573911356,0.031,0.073,0.026,0.05,-0.208040908002515
10,10,0.3,10,0,0.00769343851841138,2683.43472445836,1.53123857961104,0.027,0.069,0.025,0.077,-0.209258683219775
12,40,0.15,6,1,0.145730169581189,3428.68319092565,1.4828119235918,0.03,0.133,0.038,0.181,-0.213116863231709
8,50,0.5,12,0,0.0821863432023785,2120.75900060582,1.74630388010816,0.038,0.096,0.026,0.07,-0.216406094778147
12,30,0.15,6,1,0.116523133386752,3272.86033597812,1.50371033052329,0.028,0.119,0.037,0.175,-0.229204882866671
8,50,0.45,10,0,0.093775825300315,2270.47961425402,1.70568480970102,0.035,0.102,0.026,0.103,-0.229268674957086
12,30,0.1,5,1,0.115214452054795,3166.03792904764,1.48864519698448,0.028,0.119,0.037,0.175,-0.234348171191271
10,40,0.35,13,1,0.0732819679915415,2394.62212438398,1.54096821425078,0.034,0.093,0.025,0.122,-0.235083747214338
8,30,0.5,13,0,0.101170626936448,2113.91176098369,1.63547144769412,0.037,0.09,0.03,0.13,-0.24368092978378
10,10,0.35,13,0,0.0236526431842615,2498.78402926982,1.50468390227008,0.031,0.112,0.027,0.072,-0.243876545579255
8,10,0.35,18,0,0.112927312461527,3529.10500504382,1.30425824114904,0.05,0.201,0.034,0.118,-0.244043261401186
8,40,0.1,3,1,0.202383341241913,2542.05413400454,1.36751262403527,0.056,0.159,0.056,0.166,-0.244265214461387
10,10,0.15,6,1,0.117893495145381,2960.86743270664,1.70917416314255,0.028,0.118,0.033,0.164,-0.247980549533542
12,40,0.45,16,0,0.0603265546344336,2456.47033103144,1.54920893265724,0.033,0.151,0.028,0.065,-0.248770822079718
10,30,0.3,10,1,0.131730843170502,2844.65013159512,1.53288301688316,0.032,0.139,0.031,0.17,-0.251324951938058
10,50,0.6,19,1,0.0522653615759593,2373.05306908537,1.49381836119007,0.035,0.106,0.028,0.104,-0.251463821088779
10,30,0.4,12,1,0.139610672328335,2690.18779168943,1.46798493870287,0.036,0.139,0.034,0.17,-0.251678431957481
12,30,0.25,10,1,0.0986493235937353,2897.39596966601,1.4654899523005,0.026,0.119,0.029,0.175,-0.252029873153014
12,10,0.25,9,1,0.113249280380203,2926.27617257549,1.56811580329944,0.034,0.133,0.03,0.159,-0.253248491320967
10,40,0.25,9,1,0.086089205984781,2682.23776598844,1.42694698941185,0.03,0.1,0.032,0.17,-0.254493604656982
8,10,0.45,22,0,0.120552895576371,3337.16280298955,1.3449993837401,0.047,0.198,0.036,0.127,-0.255088902648162
8,50,0.1,4,1,0.161643592070185,2771.84958825946,1.59592716983722,0.04,0.139,0.045,0.173,-0.256356645500564
10,40,0.15,7,1,0.108150158284782,2887.67300649505,1.61611833181602,0.038,0.107,0.034,0.17,-0.258078024572068
12,30,0.45,14,1,0.111560382047192,2647.66606823124,1.61191075194756,0.025,0.119,0.025,0.175,-0.261247389736002
12,20,0.2,9,1,0.0861403496996182,2549.83050434775,1.49681377129005,0.033,0.107,0.033,0.153,-0.262049502211999
12,30,0.2,8,1,0.0972195798210262,3033.18694247945,1.60546765141408,0.027,0.119,0.032,0.175,-0.264667838196409
10,20,0.6,26,3,0.0737689923987264,2253.29150731383,1.31645979619938,0.042,0.135,0.035,0.11,-0.26721241185552
12,40,0.2,7,1,0.114658608659878,3011.89755773647,1.63658669845394,0.033,0.133,0.034,0.181,-0.279405183298692
12,30,0.3,11,1,0.0975421073624252,2758.81882132399,1.58033285012117,0.028,0.119,0.035,0.175,-0.279550236583492
10,30,0.35,12,1,0.103985145494534,2726.10355934639,1.43174503915192,0.036,0.139,0.035,0.17,-0.282884180453339
12,20,0.15,6,1,0.114198985286525,2990.2507302432,1.50953415158896,0.033,0.145,0.037,0.182,-0.284241893360211
10,20,0.45,21,2,0.0984786037707621,2644.06288530689,1.3560064704018,0.041,0.131,0.037,0.182,-0.295918899004073
12,10,0.3,11,1,0.0779613534840621,2739.89766694742,1.59246016280566,0.03,0.133,0.033,0.159,-0.299289779449133
10,40,0.6,22,2,0.0651271779001745,2262.22896392905,1.45296178775551,0.033,0.1,0.031,0.17,-0.301057552678924
8,30,0.6,15,1,0.0860233730795679,1962.99497161961,1.70358340609959,0.036,0.118,0.031,0.132,-0.303185218949411
10,10,0.6,20,0,0.0372974609380668,2115.31184236673,1.52194417492351,0.032,0.15,0.028,0.085,-0.304131364435948
10,30,0.45,14,1,0.0962367498738059,2457.62355539706,1.51422632388001,0.036,0.139,0.034,0.17,-0.311304704744342
10,40,0.45,16,1,0.0406289735840536,2327.55816546227,1.56196475029838,0.031,0.098,0.036,0.149,-0.313189593172671
12,30,0.4,15,1,0.0619537242231366,2541.47342714258,1.50321238193913,0.026,0.119,0.035,0.175,-0.316293842613647
10,40,0.5,18,1,0.0653625448411962,2217.2916884084,1.47252370214459,0.035,0.116,0.03,0.167,-0.319025240952843
10,30,0.6,18,1,0.088037179233958,2356.49218294716,1.53284057361224,0.037,0.141,0.03,0.171,-0.326422268979908
10,10,0.1,5,1,0.0637929274934699,2616.09944324493,1.71322803881069,0.031,0.118,0.038,0.164,-0.327724904225353
10,30,0.5,16,1,0.0788321898081808,2406.24998817543,1.50410551206941,0.037,0.141,0.032,0.171,-0.332265861989989
12,30,0.6,21,2,0.0489800252644823,2211.57857892455,1.50556852159023,0.026,0.119,0.027,0.175,-0.337997897948313
8,50,0.3,9,1,0.081095978677404,2327.68943071485,1.66132870290466,0.041,0.136,0.041,0.157,-0.34365242007732
12,40,0.5,17,1,0.0627280862817674,2461.9193775102,1.47932361181161,0.034,0.133,0.036,0.181,-0.346108306023884
8,40,0.2,5,1,0.119470265462232,2789.62912993175,1.74976435774695,0.045,0.159,0.046,0.182,-0.348024713815876
8,40,0.15,5,1,0.120103599535545,2606.33328235478,1.67506748816864,0.045,0.159,0.047,0.182,-0.35008648516358
8,30,0.25,6,1,0.11272894934303,2367.55474390774,1.76843278388687,0.038,0.167,0.035,0.165,-0.35073659185027
10,40,0.3,12,1,0.0380361665407674,2344.12089544572,1.50137418452173,0.032,0.118,0.038,0.17,-0.35289520713912
12,20,0.35,13,1,0.0659622363565398,2513.17344231736,1.52000407088357,0.034,0.145,0.037,0.182,-0.358379498615949
12,20,0.3,12,2,0.0490244589346841,2524.26796728948,1.40184529804277,0.033,0.145,0.034,0.182,-0.358946672505119
12,40,0.4,14,1,0.0506885857770624,2493.7427043472,1.47847702021419,0.035,0.133,0.039,0.181,-0.360471981026997
8,30,0.1,3,1,0.170242917618958,1998.9451625948,1.54680268626552,0.058,0.165,0.065,0.192,-0.364490092877854
12,20,0.5,18,1,0.0821760504901598,2355.51831458656,1.50139270174231,0.04,0.162,0.034,0.182,-0.368187303954743
8,30,0.3,8,1,0.117533811006989,2358.35438049309,1.59793556010725,0.046,0.165,0.042,0.192,-0.369342025979082
12,20,0.4,13,1,0.0569027043857384,2425.73762013744,1.58908980822025,0.034,0.145,0.039,0.182,-0.380719395429415
12,20,0.45,16,1,0.0429490114572776,2292.81196765783,1.53310823699087,0.034,0.145,0.033,0.182,-0.389721213858918
8,30,0.2,5,1,0.113611417590826,2512.51628892772,1.85316704385723,0.046,0.165,0.046,0.192,-0.395079472348511
10,10,0.2,8,1,-0.00544821835002992,2497.96671106894,1.73844349236504,0.04,0.118,0.035,0.164,-0.411394232033087
12,40,0.6,20,1,0.048290751985727,2263.58887540775,1.47408585177768,0.039,0.187,0.038,0.181,-0.430938389421654
2,10,0.2,4,1,0.1323265468494,1386.10210375746,1.92441642263307,0.047,0.176,0.055,0.214,-0.482809990226034
5,50,0.15,3,1,0.125665174354061,1396.3645186544,1.88639785867298,0.059,0.169,0.069,0.203,-0.493156385580517
2,10,0.25,5,1,0.0605882462634501,1283.84724783119,2.06327423264556,0.04,0.176,0.046,0.214,-0.557546814609546
12,10,0.35,13,2,0.0758754025273874,2583.28047101899,1.39191995317539,0.073,0.645,0.052,0.37,-1.0741525692392
12,10,0.5,18,2,0.0745325611845181,2382.80522338952,1.42052626536692,0.063,0.645,0.051,0.37,-1.0773798041827
12,10,0.6,21,3,0.0592033107988784,2253.40792242693,1.4102247480346,0.057,0.645,0.047,0.37,-1.08814876788324
12,10,0.4,13,2,0.0797096748592026,2531.02977317158,1.44801001519396,0.079,0.645,0.066,0.37,-1.09853983800161
12,10,0.45,17,2,0.0581317430495319,2296.17711667138,1.47634834780202,0.065,0.645,0.051,0.37,-1.1056942358971
8,20,0.2,8,1,0.133527299051931,3171.36569851782,1.43726971611805,0.111,0.699,0.079,0.456,-1.19663138763398
8,20,0.35,15,1,0.0886750131315502,2838.33876726685,1.40393408188606,0.081,0.699,0.065,0.456,-1.21080145669371
8,40,0.5,13,1,0.0923067203699873,2093.20558200324,1.57865858458174,0.085,0.682,0.057,0.43,-1.21489885898802
8,20,0.4,15,1,0.069189369452059,2795.5402604565,1.35297415937372,0.078,0.699,0.057,0.456,-1.21633103346249
8,40,0.6,16,2,0.0755961579165221,1901.42326018207,1.58041886095554,0.078,0.682,0.06,0.43,-1.23737456516993
8,40,0.35,10,1,0.0785418166217581,2251.50442054831,1.49612566828485,0.096,0.682,0.073,0.43,-1.23949552917931
8,40,0.3,10,2,0.109719696897207,2153.80271326266,1.53605005463973,0.113,0.682,0.082,0.43,-1.24319517290363
8,20,0.15,7,2,0.150980971803384,2804.99762545664,1.33694289421448,0.135,0.699,0.112,0.456,-1.24446343634523
8,50,0.2,8,2,0.112295230113378,2207.24641785949,1.40552980982449,0.119,0.683,0.093,0.432,-1.2448954299761
8,40,0.45,13,1,0.0684760065509154,2026.26489619777,1.59848098893805,0.082,0.682,0.061,0.43,-1.245058847533
8,20,0.45,17,1,0.051279763137237,2621.46091929445,1.35322775379377,0.076,0.699,0.064,0.456,-1.24796996627742
8,20,0.6,20,1,0.0543208059832571,2477.55435864736,1.42115234993563,0.07,0.699,0.06,0.456,-1.24891671107794
8,40,0.4,11,1,0.0669225580277031,2135.9574541832,1.49902100715252,0.09,0.682,0.072,0.43,-1.25018166997839
8,20,0.25,11,2,0.0692363898890442,2861.1051500586,1.32179413459375,0.096,0.699,0.081,0.456,-1.2518877660674
8,20,0.1,5,1,0.144987765935408,3353.34563769829,1.502979068502,0.155,0.699,0.105,0.456,-1.25264285902988
8,20,0.5,17,2,0.0407557376759323,2596.09388859376,1.36795081897718,0.072,0.699,0.061,0.456,-1.2542346497921
5,30,0.4,10,3,0.0925396756385488,1474.54784570089,1.74546047181419,0.096,0.668,0.076,0.406,-1.25427897925783
8,50,0.6,16,2,0.0541743334508447,1947.79225856671,1.50196762454571,0.082,0.683,0.06,0.432,-1.25563281607539
5,10,0.5,11,1,0.0818420400494953,1408.65924854081,1.80910176421024,0.089,0.668,0.064,0.406,-1.25563517394449
5,30,0.6,12,1,0.0927476781330218,1519.16421013233,1.85049163268798,0.104,0.668,0.062,0.406,-1.25634327462916
8,40,0.25,8,2,0.115541533314899,2247.7975640838,1.59881171855249,0.125,0.683,0.09,0.432,-1.26194976033616
8,50,0.4,10,2,0.0681711255068776,2051.86663249716,1.53399795502505,0.094,0.683,0.071,0.432,-1.26263533837077
5,30,0.45,10,3,0.0933752776805979,1418.61063202154,1.79123117972695,0.098,0.668,0.076,0.406,-1.26281730869102
8,20,0.3,13,1,0.0342011159601338,2739.5260488105,1.31375490240618,0.083,0.699,0.067,0.456,-1.26519807183996
12,30,0.5,19,2,0.0350311577975306,2314.29824074545,1.51622818083745,0.062,0.7,0.054,0.458,-1.27487674824894
5,10,0.45,10,3,0.0763826204094475,1343.0500458928,1.79980920529296,0.097,0.668,0.068,0.406,-1.27544579782521
8,50,0.15,5,2,0.160843587819439,2170.2966310974,1.38075395000375,0.169,0.683,0.123,0.432,-1.27571697562607
8,50,0.25,10,2,0.0731576481247939,2002.52779270172,1.51025517010094,0.105,0.683,0.083,0.432,-1.28074147925021
5,30,0.5,12,2,0.0822256986342293,1386.36925147665,1.83537152096733,0.11,0.668,0.07,0.406,-1.28599299088867
5,10,0.6,14,2,0.0580936856149275,1259.29720453955,1.76475312502413,0.092,0.668,0.066,0.406,-1.28741676666051
5,10,0.4,7,1,0.0855937137581824,1635.40428324788,2.0046773725229,0.121,0.668,0.07,0.406,-1.29810380933171
5,10,0.25,6,2,0.10794366694131,1408.98242218731,1.71511257509715,0.138,0.668,0.101,0.406,-1.30611846945904
5,10,0.3,6,2,0.10272105738492,1536.16988365954,1.7150944479741,0.139,0.668,0.102,0.406,-1.30697989322951
5,30,0.3,7,2,0.0998986856047284,1591.001789382,1.77476780519908,0.132,0.668,0.105,0.406,-1.30902800544608
8,30,0.35,10,2,0.120629143983161,2063.63506546585,1.51362308144467,0.109,0.714,0.08,0.48,-1.31055141088801
5,40,0.6,13,2,0.0854049028495917,1456.46934030526,1.77038801027708,0.08,0.699,0.058,0.456,-1.31181043116285
5,30,0.35,8,2,0.0886944075583053,1502.49648386909,1.87496646326241,0.121,0.668,0.095,0.406,-1.31367741457448
5,40,0.5,9,2,0.0942124202205315,1633.84622509734,1.75273837588018,0.095,0.699,0.071,0.456,-1.32036910611262
5,30,0.15,4,1,0.117692330548939,1957.18574884364,1.9290597345449,0.171,0.668,0.103,0.406,-1.32535435546337
5,10,0.35,7,2,0.0812660145469084,1509.26728457671,1.86080086459999,0.131,0.668,0.096,0.406,-1.33035070768426
5,30,0.25,6,2,0.0960232216789573,1475.30385443611,1.85326009838298,0.145,0.668,0.105,0.406,-1.33953759543754
5,10,0.2,5,2,0.114140862848431,1492.4933999921,1.7812287257986,0.164,0.668,0.122,0.406,-1.34935733973182
5,10,0.15,5,2,0.113224932270987,1494.98739135789,1.78650128381026,0.165,0.668,0.12,0.406,-1.34967582654214
5,40,0.35,8,2,0.104702096479912,1632.89525400398,1.68067897643401,0.119,0.699,0.097,0.456,-1.35272103846329
5,50,0.6,12,2,0.0824406328014283,1427.41044881563,1.78822300590935,0.085,0.714,0.061,0.48,-1.36501114534873
5,40,0.4,8,2,0.100892758167092,1584.49228837861,1.74991162808044,0.12,0.699,0.097,0.456,-1.36687379022202
5,30,0.2,5,2,0.098832568518422,1481.61404243107,1.79562248880027,0.167,0.668,0.123,0.406,-1.37064897824005
5,40,0.3,7,2,0.0938862324058216,1594.98763218709,1.71741957088874,0.13,0.699,0.095,0.456,-1.3781063430737
2,10,0.6,11,2,0.0596049302048614,1176.90488163264,2.14398629384768,0.098,0.683,0.07,0.432,-1.37894845509827
5,40,0.45,9,1,0.0579926126825395,1533.6891940695,1.77847673798967,0.1,0.699,0.081,0.456,-1.37917060141295
5,20,0.6,12,2,0.0787661346210588,1251.33936100617,1.96925018813383,0.086,0.714,0.062,0.48,-1.39759191614202
5,10,0.1,4,2,0.131609167593659,1028.20907746468,1.52641553995659,0.203,0.668,0.152,0.406,-1.39862193252877
8,30,0.15,5,2,0.145958459423979,2102.11042477579,1.47366311089006,0.18,0.714,0.136,0.48,-1.40630233042624
5,50,0.5,10,2,0.0821594844179797,1453.44670136496,1.71532135344996,0.117,0.714,0.087,0.48,-1.41470031585877
5,50,0.35,8,3,0.0810973435656936,1326.29446981338,1.78572436628619,0.138,0.699,0.093,0.456,-1.41716036957226
5,50,0.45,10,2,0.0773744761961989,1387.20289813806,1.73464537638709,0.114,0.714,0.088,0.48,-1.42272991653561
5,40,0.25,5,2,0.116915472458501,1520.90379550467,1.72793971909346,0.169,0.699,0.126,0.456,-1.42983330967561
5,30,0.1,3,1,0.12078852872711,1208.35684001696,1.87911207475269,0.226,0.668,0.136,0.406,-1.44270483674731
5,50,0.4,8,2,0.0731849054485138,1415.54697679275,1.87776063163095,0.124,0.714,0.089,0.48,-1.45081380887494
5,50,0.3,8,2,0.0636521106384648,1352.91822712986,1.84581438384891,0.119,0.714,0.093,0.48,-1.45928341638993
2,10,0.5,9,1,0.0717791565029968,1291.6664093586,2.01820119350545,0.122,0.714,0.093,0.48,-1.47445764237962
2,10,0.4,7,1,0.0772279411622765,1499.6409213694,2.12005124268816,0.137,0.714,0.087,0.48,-1.47779513703807
2,10,0.45,8,1,0.0721968587791849,1407.61265168327,2.11283937466144,0.13,0.714,0.089,0.48,-1.4817064461028
2,10,0.3,6,1,0.0819021043209072,1510.46738371249,2.15911547556619,0.14,0.714,0.091,0.48,-1.48348607405009
5,20,0.3,6,2,0.0933229534580242,1324.69732921357,1.88183859435763,0.147,0.714,0.114,0.48,-1.48362603951706
5,50,0.2,6,3,0.0824336927982349,1144.33689072429,1.64628666030699,0.153,0.714,0.116,0.48,-1.48797812869625
5,40,0.2,5,2,0.0923077758100729,1278.14255400374,1.94062247043824,0.171,0.699,0.13,0.456,-1.49384734353356
5,50,0.25,6,2,0.0741243132804145,1419.30282645121,1.77118814672205,0.153,0.714,0.118,0.48,-1.49702936006923
5,20,0.5,9,2,0.0717363298192178,1285.48315712457,1.95287614327056,0.146,0.714,0.098,0.48,-1.49727712665161
5,20,0.4,8,2,0.0625178132479067,1261.8287014965,1.9872557645382,0.132,0.714,0.101,0.48,-1.50011632813109
5,20,0.45,9,2,0.0533396941788629,1289.13858127748,1.97688820743969,0.127,0.714,0.107,0.48,-1.50789219750123
2,10,0.35,8,2,0.0735296734625788,1214.86184159302,2.08097281689459,0.136,0.714,0.106,0.48,-1.50982451614723
5,40,0.15,4,2,0.120037534362102,997.90263011093,1.56051659943702,0.21,0.699,0.159,0.456,-1.51011899407605
5,20,0.2,5,2,0.0955761618875095,1290.83033167812,1.89362693754391,0.17,0.714,0.133,0.48,-1.52624501528298
5,20,0.25,5,2,0.100724057480502,1278.44553589505,1.93727009336006,0.172,0.714,0.133,0.48,-1.52808067506075
2,10,0.1,3,1,0.131830609927683,1310.37703060968,1.80148476335302,0.236,0.7,0.153,0.458,-1.52979901487714
2,10,0.15,3,1,0.131635573146276,1315.41678478219,1.8422494733093,0.236,0.699,0.153,0.456,-1.53081853494554
5,20,0.15,4,2,0.110673833199732,918.50799532156,1.70244559510929,0.208,0.699,0.158,0.456,-1.53464532654512
5,40,0.1,3,1,0.116646532728857,1274.54809058746,1.81286050192319,0.236,0.699,0.153,0.456,-1.54491211293409
5,20,0.1,3,1,0.115137229248786,1357.31054433954,2.06325631125924,0.237,0.699,0.154,0.456,-1.56932287466016
5,20,0.35,7,2,0.0396937822696902,1208.08373955821,1.97707311628029,0.155,0.714,0.141,0.48,-1.58760934238043
2,40,0.4,6,2,0.0584971538518652,718.724190021834,2.50929737829603,0.15,0.714,0.111,0.48,-1.61149637447665
2,20,0.5,9,3,0.0374377545421393,606.772230632784,2.57979128349397,0.131,0.714,0.102,0.48,-1.61720276227562
2,20,0.6,9,3,0.0391513581209624,609.761270431626,2.58280357280804,0.134,0.714,0.103,0.48,-1.61964093563826
2,50,0.25,5,2,0.0771520507196179,511.82854104877,2.21953259728668,0.181,0.714,0.135,0.48,-1.62920978195661
2,30,0.2,4,1,0.0855414542883818,636.183345852339,2.51274092116917,0.182,0.714,0.122,0.48,-1.63192347053592
2,30,0.25,4,1,0.0843709281111216,648.783018566441,2.52825844771624,0.182,0.714,0.122,0.48,-1.63401576573218
2,20,0.45,7,3,0.0302304228605172,659.759991984833,2.61463188693272,0.142,0.714,0.102,0.48,-1.63624476623351
2,30,0.35,6,2,0.0455362411990709,608.130474793665,2.76430348974163,0.146,0.714,0.11,0.48,-1.65048758403541
2,20,0.3,5,2,0.0613772622773493,737.964860615071,2.56606219735011,0.173,0.714,0.127,0.48,-1.65233071442691
2,20,0.25,5,2,0.062998933361943,733.909047828692,2.56572014671127,0.174,0.714,0.128,0.48,-1.65287762891775
2,20,0.2,4,2,0.0911177357998777,591.120760335281,2.10371542968201,0.213,0.714,0.157,0.48,-1.65369776915156
2,30,0.5,7,2,0.042142438416016,620.836053929942,2.90622211971058,0.14,0.714,0.106,0.48,-1.65743797085855
2,30,0.3,6,2,0.0361617352386812,558.965509258686,2.71031231734277,0.147,0.714,0.112,0.48,-1.65992122103266
2,30,0.6,9,2,0.0338244196320238,587.600373975437,2.83288959061527,0.137,0.714,0.109,0.48,-1.66008452073073
2,50,0.6,9,4,0.0454488368598291,474.742850623671,2.67284902936643,0.148,0.714,0.121,0.48,-1.66109892354563
2,20,0.35,5,2,0.0612013395894449,735.134193529468,2.59537536720208,0.175,0.714,0.132,0.48,-1.66257948745429
2,40,0.25,5,2,0.0589370281451145,641.146043115808,2.50592100589196,0.178,0.714,0.134,0.48,-1.66559777028829
2,20,0.4,6,3,0.0605762770206412,637.559964466669,2.58233172839734,0.179,0.714,0.128,0.48,-1.66677889759576
2,40,0.3,5,2,0.0632857570569669,733.122451512998,2.60046446960147,0.179,0.714,0.134,0.48,-1.66710456732753
2,40,0.35,5,2,0.0629613562694848,733.676064431332,2.60171244196733,0.179,0.714,0.134,0.48,-1.66752608470568
2,40,0.2,5,2,0.0589978850810917,627.438334426999,2.51040653118673,0.179,0.714,0.135,0.48,-1.66867085131623
2,50,0.3,6,2,0.0483956897806229,636.374547102873,2.92354819520262,0.151,0.714,0.113,0.48,-1.6701404023845
2,50,0.35,6,2,0.0485659802362867,637.648706896683,2.92557499155725,0.153,0.714,0.113,0.48,-1.6721090835746
2,30,0.4,6,1,0.0422964114713539,700.128924700316,3.12983270936287,0.143,0.714,0.101,0.48,-1.67368041322992
2,30,0.45,6,1,0.0421724484099886,701.016235222917,3.17531370180997,0.141,0.714,0.099,0.48,-1.67430811000986
2,40,0.5,8,2,0.0328369578848155,641.652670024495,3.00768717785638,0.14,0.714,0.112,0.48,-1.6818491263996
2,40,0.6,10,4,0.0364543290685145,535.548103510905,2.79973801339633,0.152,0.714,0.122,0.48,-1.68474206709557
2,40,0.45,8,2,0.0314766439269011,637.098256458447,3.02478356088557,0.14,0.714,0.113,0.48,-1.68614679933873
2,50,0.5,6,2,0.050106161250323,671.353369743958,3.01880746149145,0.165,0.714,0.109,0.48,-1.68620691641162
2,50,0.4,6,2,0.048280732924911,601.326717394135,3.02549922846674,0.169,0.714,0.111,0.48,-1.69820285405206
2,50,0.45,6,2,0.0493556210936209,656.950765835171,3.06252360923163,0.172,0.714,0.111,0.48,-1.70104920153778
2,20,0.1,3,1,0.0895035032904848,810.132053182788,2.40110848268793,0.241,0.714,0.161,0.48,-1.70610074231917
2,20,0.15,3,1,0.0895877071110351,811.189233180817,2.40305472456098,0.241,0.714,0.161,0.48,-1.70615830368602
2,40,0.15,3,1,0.0842036945816631,774.384229493486,2.48087692974809,0.241,0.714,0.161,0.48,-1.72116478691847
2,40,0.1,3,1,0.0840058013673395,770.812579818339,2.47753771383198,0.241,0.714,0.161,0.48,-1.72120734102494
2,30,0.1,3,1,0.0834476318981629,736.378044292967,2.53448178315832,0.241,0.714,0.161,0.48,-1.72918164420302
2,30,0.15,3,1,0.0835617868323198,737.287442724406,2.53649372335327,0.241,0.714,0.161,0.48,-1.72922321336679
2,50,0.1,3,1,0.0761034449387108,736.560311960675,2.52520638786215,0.241,0.714,0.161,0.48,-1.73558917824947
2,50,0.15,3,1,0.0760751614914662,737.432064669099,2.52629931537108,0.241,0.714,0.161,0.48,-1.73568316681219
2,50,0.2,3,1,0.0760430848274494,738.016713023544,2.52719212733812,0.241,0.714,0.161,0.48,-1.73577529225519
