n_layers,n_latent,resolution,n_clusters,n_small_clusters,silhouette,calinski_harabasz,davies_bouldin,dn_im_mean,dn_im_max,pool_im_mean,pool_im_max,mean_sum,max_sum,score
8,50,0.1,3,0,0.15866295908377,4961.51100275703,1.88525036911052,0.008,0.009,0.003,0.005,0.011,0.014,0.193213472310569
10,40,0.1,3,0,0.140786649858213,4235.60787712835,2.06910056784574,0.007,0.009,0.003,0.003,0.01,0.012,0.123656986930057
12,10,0.15,5,0,0.149697739174465,3415.29959807404,1.65473854902722,0.009,0.014,0.006,0.011,0.015,0.025,0.114988864175445
8,10,0.1,4,0,0.153192595983791,4229.13413132264,1.61611100155557,0.027,0.044,0.012,0.028,0.039,0.072,0.092038202394366
10,20,0.15,5,0,0.129727753807067,3390.09961407805,1.9175433529998,0.01,0.02,0.009,0.018,0.019,0.038,0.0504783992109895
5,10,0.1,2,0,0.136464619895591,2788.05546957648,2.21848064997474,0.004,0.008,0.001,0.002,0.005,0.01,0.039019328376941
8,30,0.1,4,0,0.12882435254938,3866.13391761597,1.85935895583343,0.018,0.037,0.013,0.03,0.031,0.067,0.0381951528468355
8,20,0.15,5,0,0.0997591999473771,3901.74800368836,1.71660979575755,0.014,0.029,0.009,0.033,0.023,0.062,0.0381856205560401
10,30,0.1,6,0,0.0591007392629347,3964.01407233845,1.66324621381237,0.014,0.031,0.007,0.012,0.021,0.043,0.0269768214986202
12,20,0.3,9,0,0.10482646914066,3013.68774306309,1.5217278285104,0.017,0.034,0.012,0.031,0.029,0.065,0.00933807344277449
10,50,0.2,8,0,0.16231893277553,3903.52824546538,1.47644996792216,0.029,0.075,0.022,0.079,0.051,0.154,0.00485034825658295
10,20,0.1,5,0,0.117779893054852,3268.28069015446,1.88654831867343,0.015,0.04,0.01,0.032,0.025,0.072,-0.004460904304768
10,30,0.2,11,0,0.087235699193908,4033.48809700536,1.47171970084713,0.024,0.063,0.018,0.053,0.042,0.116,-0.016261866040537
8,10,0.15,6,0,0.0927703924117999,3416.25269989494,1.54460177400009,0.024,0.057,0.017,0.028,0.041,0.085,-0.0168771499934621
8,50,0.25,8,0,0.105287728751887,3490.9439561717,1.50400493827012,0.026,0.058,0.023,0.044,0.049,0.102,-0.02156556726654
8,50,0.15,6,0,0.110702448155063,3526.58348322228,1.97589438041542,0.024,0.055,0.018,0.034,0.042,0.089,-0.041557815725365
8,40,0.15,5,0,0.0704843791123852,3338.02335655812,1.89307204245106,0.018,0.04,0.012,0.02,0.03,0.06,-0.0419216573048148
10,40,0.3,11,0,0.0877282981098444,2712.51140876958,1.54318789155397,0.022,0.04,0.015,0.037,0.037,0.077,-0.0449649206070736
10,50,0.3,12,0,0.107743148678964,3231.29521243209,1.39023532657977,0.026,0.087,0.017,0.059,0.043,0.146,-0.0587156233574085
8,50,0.3,12,0,0.0943964200437536,2896.84893276222,1.50353454821744,0.028,0.051,0.026,0.047,0.054,0.098,-0.0631145881398794
8,30,0.2,7,0,0.100562628840529,3302.05868631608,1.55703367161794,0.021,0.052,0.022,0.079,0.043,0.131,-0.064037804005461
10,30,0.15,10,0,0.0653900048588568,3551.73206728897,1.50474410463664,0.027,0.061,0.018,0.051,0.045,0.112,-0.0644978022403587
10,50,0.25,10,0,0.0832724473842818,3319.70890099908,1.40491761567764,0.028,0.078,0.019,0.05,0.047,0.128,-0.0662338691335282
8,40,0.2,8,1,0.103240335852683,3041.107441493,1.60476729139579,0.021,0.057,0.022,0.064,0.043,0.121,-0.069181021212246
8,10,0.3,11,0,0.101084927452017,3066.84696059427,1.39798220263122,0.028,0.087,0.015,0.054,0.043,0.141,-0.0693709447813915
10,40,0.4,12,0,0.103604781523648,2721.7240681151,1.59440258444939,0.024,0.072,0.016,0.04,0.04,0.112,-0.071749273515536
10,40,0.25,10,0,0.107299081310687,2907.31772587438,1.482762791685,0.024,0.065,0.02,0.072,0.044,0.137,-0.076611311564094
12,20,0.6,19,0,0.0838914932814072,2456.68980851911,1.46256569679479,0.023,0.061,0.018,0.039,0.041,0.1,-0.0805305859721163
8,50,0.2,8,0,0.0866766138149116,3331.19025937548,1.5100119896105,0.024,0.049,0.025,0.085,0.049,0.134,-0.0807650721773644
10,10,0.1,7,0,0.0521028030607195,4030.58597436983,1.62660756517615,0.025,0.087,0.014,0.054,0.039,0.141,-0.089028654738404
10,30,0.3,16,1,0.0411482538485384,3211.75199374821,1.55853248995622,0.022,0.058,0.016,0.047,0.038,0.105,-0.0971173954596731
10,20,0.2,8,0,0.1165032692908,2882.97593402938,1.64309602586235,0.028,0.096,0.022,0.048,0.05,0.144,-0.097657536593966
10,10,0.2,11,0,0.0840143222994163,3828.24609501783,1.33748669779304,0.033,0.098,0.021,0.088,0.054,0.186,-0.0983220427289961
8,10,0.25,9,0,0.0637240370392519,2972.21320761774,1.55335952078776,0.029,0.085,0.018,0.032,0.047,0.117,-0.107001254658637
8,30,0.45,14,0,0.101772092910955,2715.2054436081,1.64327549356776,0.026,0.062,0.021,0.072,0.047,0.134,-0.107795184265416
10,30,0.45,23,1,0.0978656944969232,3229.32288570916,1.43552286368739,0.031,0.096,0.024,0.082,0.055,0.178,-0.117220447586358
8,40,0.25,9,0,0.0612093800495608,2966.14823685154,1.48328997935135,0.026,0.074,0.022,0.06,0.048,0.134,-0.120812206042997
10,10,0.15,10,1,0.0806025397827846,3802.26956134909,1.33698172746706,0.033,0.095,0.023,0.107,0.056,0.202,-0.120982154896467
8,20,0.25,9,0,0.0795314093885735,3186.93180990335,1.46810594172179,0.028,0.084,0.024,0.082,0.052,0.166,-0.125932594288438
10,40,0.5,17,0,0.0556478889486437,2545.78063399249,1.45454967014231,0.024,0.053,0.017,0.071,0.041,0.124,-0.127518046365963
10,10,0.35,19,1,0.114452276872428,3526.34827605138,1.33605243257692,0.04,0.131,0.029,0.085,0.069,0.216,-0.127835552582695
8,20,0.3,12,0,0.0929766720189902,2961.40387035853,1.35159567542236,0.035,0.094,0.029,0.081,0.064,0.175,-0.133112702005319
10,10,0.25,13,0,0.0573774981908878,3585.78663532646,1.45540506088386,0.03,0.094,0.02,0.081,0.05,0.175,-0.133873676131175
10,40,0.6,20,0,0.0641444102450494,2331.67470564286,1.49198803954534,0.026,0.058,0.021,0.063,0.047,0.121,-0.136470658427342
8,50,0.45,15,0,0.0859324101005299,2840.93050313184,1.59032582420915,0.031,0.089,0.029,0.058,0.06,0.147,-0.138053647163793
12,10,0.4,16,0,0.053900944536262,2373.71362054279,1.56001799276635,0.025,0.066,0.017,0.049,0.042,0.115,-0.140415173713234
10,50,0.45,17,1,0.0852470704796045,2795.50601519449,1.43609910890906,0.036,0.107,0.022,0.059,0.058,0.166,-0.142587539651577
10,10,0.6,27,1,0.105307104420773,3154.09563920196,1.29626285802861,0.038,0.123,0.029,0.088,0.067,0.211,-0.14461439942199
8,10,0.2,9,1,0.0383015138835057,2736.25731401435,1.59869627764928,0.028,0.077,0.018,0.039,0.046,0.116,-0.146755248180705
10,30,0.25,16,0,0.0593704614425609,3246.07325593622,1.4151369450749,0.029,0.094,0.022,0.084,0.051,0.178,-0.148839570268118
8,50,0.4,15,0,0.0635077267834439,2819.5717302161,1.46630808164884,0.035,0.078,0.029,0.065,0.064,0.143,-0.149144494870635
10,50,0.15,7,1,0.166185935478973,3719.7138918093,1.39601915944122,0.028,0.113,0.034,0.187,0.062,0.3,-0.149430285874684
10,30,0.35,20,1,0.0631225484157392,3128.62015690107,1.47116187998187,0.027,0.097,0.022,0.077,0.049,0.174,-0.150562631737394
8,20,0.2,8,0,0.0726538653415601,3031.5551783117,1.58685251128654,0.024,0.087,0.026,0.082,0.05,0.169,-0.153453626871509
10,50,0.5,19,1,0.080200237457032,2752.64465846308,1.39367534180988,0.036,0.115,0.024,0.057,0.06,0.172,-0.153535063800802
10,30,0.5,26,3,0.0807144726160858,3005.43922643737,1.39823313873281,0.031,0.102,0.027,0.085,0.058,0.187,-0.153836879935327
8,30,0.35,15,0,0.0590605653169178,2667.75467661248,1.55818528092573,0.028,0.07,0.024,0.07,0.052,0.14,-0.155370228945031
10,40,0.45,16,0,0.0549532979722998,2465.5990899228,1.52679600289102,0.023,0.065,0.017,0.078,0.04,0.143,-0.157446347820662
12,20,0.5,18,0,0.0638335078132946,2328.23341212246,1.51427438391374,0.025,0.082,0.023,0.057,0.048,0.139,-0.158182259971956
10,10,0.3,16,1,0.107534443490293,3676.07122965134,1.30612783255213,0.041,0.164,0.028,0.086,0.069,0.25,-0.158274778282353
10,50,0.1,5,1,0.19778958397267,4015.73716951038,1.30001469097862,0.039,0.153,0.042,0.193,0.081,0.346,-0.158425026649673
12,10,0.45,17,0,0.0547346028733622,2253.99256911372,1.58686852456531,0.024,0.077,0.017,0.05,0.041,0.127,-0.159252621127483
10,30,0.4,23,2,0.0706014398937779,3012.66778127886,1.44063935257509,0.028,0.101,0.023,0.086,0.051,0.187,-0.160829106299788
10,50,0.6,24,1,0.0882479894943515,2461.23003679364,1.41722565056893,0.036,0.112,0.024,0.059,0.06,0.171,-0.16141307372286
8,20,0.45,15,0,0.0665079467105993,2688.16255435076,1.54758347008974,0.032,0.078,0.027,0.071,0.059,0.149,-0.161842272580837
8,30,0.4,15,0,0.0565818391767614,2603.0896836274,1.59272258658869,0.029,0.067,0.023,0.073,0.052,0.14,-0.164535935300738
8,20,0.1,4,1,0.139320224685379,3543.53082090624,1.64569760008605,0.037,0.119,0.035,0.126,0.072,0.245,-0.165072994277914
8,20,0.5,16,0,0.086386943945726,2704.14436903921,1.53947955179033,0.031,0.096,0.028,0.078,0.059,0.174,-0.165353792781347
8,20,0.35,12,0,0.0780125294870319,2920.8281270435,1.53714261217734,0.034,0.096,0.029,0.077,0.063,0.173,-0.165660325378527
8,50,0.35,12,0,0.0775684540990427,3068.02174395934,1.46320247107962,0.034,0.089,0.035,0.095,0.069,0.184,-0.168350705810952
8,40,0.45,14,0,0.0660325013091332,2710.84414331035,1.52561986598579,0.032,0.101,0.023,0.068,0.055,0.169,-0.174987278123928
8,10,0.35,12,0,0.0616792413014882,2790.08397177465,1.46027004893623,0.032,0.125,0.019,0.056,0.051,0.181,-0.176843565003402
8,40,0.4,13,0,0.0946336404962612,2901.2589720984,1.51017577192779,0.035,0.129,0.026,0.076,0.061,0.205,-0.177320988091598
8,20,0.4,13,0,0.0657047930443538,2819.12044595709,1.52050879318618,0.035,0.089,0.029,0.079,0.064,0.168,-0.17739006397641
8,40,0.35,12,0,0.0724818283187995,2762.07365276442,1.51009073475014,0.029,0.129,0.022,0.057,0.051,0.186,-0.177423562517994
10,20,0.6,20,0,0.0803241650493344,2271.0636190723,1.52177884210684,0.034,0.098,0.025,0.068,0.059,0.166,-0.183300538207735
10,20,0.45,16,0,0.0702424857328157,2403.1632111621,1.55538219786432,0.033,0.1,0.026,0.064,0.059,0.164,-0.188137573495511
8,20,0.6,19,1,0.0607512937099997,2522.1121385144,1.46385926892039,0.031,0.092,0.029,0.077,0.06,0.169,-0.188529026256319
8,30,0.6,20,0,0.0740713411576631,2431.08847318876,1.54205881874798,0.033,0.096,0.025,0.076,0.058,0.172,-0.188580117057697
12,10,0.3,11,0,0.0356955479828332,2733.33565699164,1.524164909855,0.025,0.086,0.019,0.079,0.044,0.165,-0.189054160153085
8,40,0.5,15,1,0.0486685609929044,2758.66844574406,1.46823831811434,0.028,0.108,0.029,0.065,0.057,0.173,-0.190221848531327
10,10,0.45,23,1,0.111125419049053,3321.10031935684,1.30072419854803,0.041,0.165,0.029,0.103,0.07,0.268,-0.190891984837908
10,10,0.5,25,2,0.0791129454729203,3064.30799374496,1.34486065625118,0.038,0.139,0.029,0.09,0.067,0.229,-0.19815772046495
12,10,0.2,9,0,0.0127476513338853,2774.69296942811,1.48691844041266,0.026,0.086,0.023,0.071,0.049,0.157,-0.203209544235975
8,50,0.5,16,1,0.0290739209217439,2585.89325568243,1.58585792007996,0.031,0.087,0.031,0.059,0.062,0.146,-0.208217208302131
8,30,0.15,6,1,0.147081004837477,3360.74801964331,1.46783479451957,0.036,0.137,0.037,0.167,0.073,0.304,-0.208665073632315
12,10,0.5,18,1,0.037712243736745,2206.20410476238,1.60813563766423,0.026,0.081,0.026,0.068,0.052,0.149,-0.213791114791559
10,30,0.6,30,4,0.0979206667149737,2902.71532052573,1.38432583266592,0.037,0.162,0.029,0.092,0.066,0.254,-0.215376150525332
8,50,0.6,19,1,0.0496651458473555,2389.21357571466,1.59521537322985,0.03,0.099,0.03,0.066,0.06,0.165,-0.215395712689897
12,10,0.35,13,0,0.0388308355204653,2571.83809395289,1.54635427036415,0.025,0.096,0.021,0.087,0.046,0.183,-0.216212686818305
12,10,0.6,24,3,0.0455364451902999,1984.46467912078,1.4640427508646,0.029,0.114,0.027,0.065,0.056,0.179,-0.236644595940121
10,20,0.4,14,0,0.0561695758287563,2399.3338778496,1.62064816285038,0.032,0.102,0.029,0.09,0.061,0.192,-0.238928546563802
12,10,0.1,4,1,0.171378816672902,3250.88295574883,1.42733333077912,0.052,0.187,0.041,0.152,0.093,0.339,-0.240810368617568
12,20,0.1,4,1,0.155117332767071,3231.46041405509,1.60787432943594,0.038,0.134,0.047,0.18,0.085,0.314,-0.243097079473769
10,10,0.4,23,2,0.117397130159346,3330.1945127576,1.33488012655617,0.04,0.208,0.031,0.117,0.071,0.325,-0.245581156858391
12,20,0.15,7,1,0.127384992915308,3155.01185830408,1.4791024229664,0.035,0.136,0.034,0.18,0.069,0.316,-0.247774656466128
8,40,0.6,19,1,0.04500221630317,2358.0049714739,1.50728278747012,0.034,0.129,0.03,0.074,0.064,0.203,-0.254825813870147
12,20,0.2,7,1,0.121402765298974,3126.54740020244,1.43733356910901,0.04,0.136,0.035,0.18,0.075,0.316,-0.257003221601805
10,20,0.35,14,2,0.115950381181834,2624.10894677691,1.3974994212906,0.042,0.113,0.037,0.175,0.079,0.288,-0.259594113608381
8,10,0.4,13,0,0.0432637846611541,2726.41318643215,1.44186715429184,0.036,0.142,0.026,0.099,0.062,0.241,-0.267602271446422
8,30,0.3,11,2,0.0971646897850222,2765.17052461714,1.42319363628465,0.035,0.131,0.037,0.158,0.072,0.289,-0.267896147612586
12,30,0.1,4,1,0.153324237735862,3285.23057042489,1.52834254036999,0.043,0.153,0.05,0.191,0.093,0.344,-0.272248487779892
8,10,0.45,15,0,0.0365199882072771,2482.0466892244,1.46698808971092,0.033,0.159,0.027,0.068,0.06,0.227,-0.273076486302595
8,40,0.1,4,1,0.140891738086426,3167.2602178642,1.54808796999113,0.046,0.147,0.05,0.18,0.096,0.327,-0.278554048019477
12,30,0.2,8,1,0.119169332918527,3030.86773266049,1.47245583709887,0.033,0.153,0.042,0.191,0.075,0.344,-0.295532864158336
8,30,0.25,9,1,0.0539001787229773,3038.48839392442,1.42224755094026,0.038,0.131,0.039,0.158,0.077,0.289,-0.302400156674828
12,20,0.4,14,1,0.0687406285986507,2610.94488233641,1.44130876317078,0.031,0.13,0.028,0.171,0.059,0.301,-0.304843003601607
12,30,0.15,6,1,0.105086962666073,3125.79929458737,1.52759161625729,0.034,0.153,0.037,0.191,0.071,0.344,-0.306382234230288
10,20,0.3,11,1,0.0817203656878445,2773.01273359993,1.48378098931227,0.04,0.119,0.04,0.184,0.08,0.303,-0.311007096563386
10,20,0.5,19,2,0.0896894484037444,2463.65055590233,1.46620822438476,0.04,0.119,0.037,0.184,0.077,0.303,-0.313748846239615
10,40,0.15,6,1,0.0853918177325193,2983.12234871284,1.6063353979139,0.034,0.144,0.035,0.176,0.069,0.32,-0.315085604623229
8,30,0.5,19,1,0.0647505587301747,2396.05144662257,1.47815651292748,0.033,0.125,0.031,0.165,0.064,0.29,-0.317262520231445
10,50,0.4,17,2,0.0802469219039956,2805.59953672507,1.38220192291497,0.045,0.153,0.033,0.193,0.078,0.346,-0.341693293551248
12,30,0.4,15,1,0.0855275411357564,2568.84242211825,1.51680037639305,0.033,0.159,0.03,0.182,0.063,0.341,-0.341710375397636
10,20,0.25,12,1,0.0647560862752291,2539.93882375756,1.50850696003612,0.042,0.119,0.041,0.184,0.083,0.303,-0.345097668540505
10,40,0.2,8,1,0.0778331896730722,2745.92640343694,1.56430963656455,0.038,0.164,0.03,0.173,0.068,0.337,-0.346301453811536
12,20,0.35,12,1,0.0419484493406353,2462.55451056047,1.51035546507955,0.03,0.13,0.03,0.171,0.06,0.301,-0.346959371639296
12,20,0.45,16,1,0.0584007330158815,2353.17779959913,1.5302511085643,0.033,0.136,0.033,0.18,0.066,0.316,-0.358965487860592
5,10,0.15,4,1,0.124696194934009,2099.77079212781,1.96172010150284,0.039,0.136,0.046,0.178,0.085,0.314,-0.365487275609885
12,30,0.3,12,1,0.063841748452021,2678.14136346631,1.50269709586074,0.038,0.153,0.033,0.191,0.071,0.344,-0.367520892960738
10,40,0.35,12,1,0.0336045156879005,2646.96076554157,1.4912937181995,0.034,0.159,0.03,0.166,0.064,0.325,-0.372176817854971
12,20,0.25,9,1,0.0237068308171726,2679.67400972785,1.50266943887982,0.036,0.136,0.034,0.18,0.07,0.316,-0.378576412584417
12,30,0.6,22,2,0.0582363795608355,2277.17050193392,1.40125190152084,0.038,0.16,0.034,0.182,0.072,0.342,-0.382030285494553
12,30,0.35,11,1,0.0423596466230354,2594.97327157079,1.58441526017852,0.03,0.153,0.03,0.191,0.06,0.344,-0.390333215816277
12,30,0.45,19,1,0.0567655038608427,2268.67275067454,1.55161399090284,0.04,0.159,0.034,0.182,0.074,0.341,-0.399962257695714
12,30,0.5,18,1,0.0459469532123175,2296.50967027234,1.50652376813206,0.036,0.159,0.035,0.182,0.071,0.341,-0.401879940087272
12,30,0.25,9,1,0.0255504424691027,2733.20645349927,1.54991262883559,0.036,0.153,0.037,0.191,0.073,0.344,-0.409780497739493
5,50,0.15,4,2,0.115615828020652,1142.44403906953,1.77087763339707,0.033,0.119,0.053,0.202,0.086,0.321,-0.411349733365579
12,10,0.25,10,1,0.0116006431112562,2521.70403065754,1.48277138076108,0.041,0.187,0.03,0.152,0.071,0.339,-0.420591293431975
2,50,0.5,5,1,0.0401964398660581,728.023020616754,3.7800914860617,0.023,0.053,0.024,0.077,0.047,0.13,-0.478411557709274
2,50,0.45,5,1,0.0403212632788179,730.924334140853,3.73597169078426,0.027,0.068,0.024,0.074,0.051,0.142,-0.489729689092566
2,50,0.4,5,1,0.0403610483268209,692.581588944944,3.5375698873056,0.111,0.398,0.085,0.273,0.196,0.671,-1.14576686095649
8,10,0.6,22,1,0.0518917077212765,2209.14074288832,1.4928993719108,0.067,0.668,0.045,0.406,0.112,1.074,-1.17294119232539
8,40,0.3,11,1,0.0426142363064953,2558.10576238171,1.40311745132267,0.087,0.668,0.062,0.406,0.149,1.074,-1.19279222070669
8,10,0.5,19,1,0.032670375013291,2193.20155214116,1.51977793147372,0.071,0.668,0.048,0.406,0.119,1.074,-1.20264734052702
5,50,0.6,12,2,0.0712049200685265,1228.87957337342,1.91875568188675,0.078,0.668,0.061,0.406,0.139,1.074,-1.27222666945148
5,50,0.45,9,1,0.0781688640124962,1392.96542116126,1.94629669460936,0.094,0.668,0.068,0.406,0.162,1.074,-1.28281253439038
5,20,0.35,8,3,0.0945634367785081,1371.04100337088,1.76651231785051,0.119,0.668,0.094,0.406,0.213,1.074,-1.300535744838
5,20,0.45,9,2,0.0797613036849998,1341.68720517702,1.83492855318035,0.113,0.668,0.091,0.406,0.204,1.074,-1.31464719137418
5,20,0.5,10,2,0.0808667548153701,1371.75241427964,1.87021641325536,0.121,0.668,0.086,0.406,0.207,1.074,-1.31856726579618
5,50,0.4,8,1,0.0759485778606466,1393.12646446169,2.00901596400846,0.113,0.668,0.079,0.406,0.192,1.074,-1.32129669531711
5,40,0.4,9,2,0.0935618281873093,1588.54630303833,1.73995677982876,0.116,0.683,0.09,0.432,0.206,1.115,-1.32200653464365
5,10,0.25,5,2,0.126837747923609,1639.90872605458,1.7289227033698,0.167,0.668,0.119,0.406,0.286,1.074,-1.32405908611064
5,50,0.3,6,1,0.0912559552331528,1543.42548228543,2.02815228981059,0.126,0.668,0.096,0.406,0.222,1.074,-1.33038799963363
5,20,0.6,12,3,0.0703227486434113,1266.45486424039,1.88358196951751,0.115,0.668,0.087,0.406,0.202,1.074,-1.33071270509632
5,20,0.3,6,2,0.0963331766613671,1452.4518650375,1.87005327614372,0.147,0.668,0.104,0.406,0.251,1.074,-1.34304955770113
5,20,0.4,8,2,0.0615225814354104,1357.39635091128,1.8528835160043,0.128,0.668,0.091,0.406,0.219,1.074,-1.34889595261946
5,50,0.25,5,2,0.106491315788512,1424.21657363746,1.81145925340217,0.161,0.668,0.113,0.406,0.274,1.074,-1.35144378086983
5,10,0.6,12,1,0.0909159500126941,1544.53124200765,1.77258290791379,0.093,0.714,0.062,0.48,0.155,1.194,-1.3581157786783
5,50,0.2,5,2,0.106629589516434,1404.20441370966,1.79721032720728,0.161,0.668,0.123,0.406,0.284,1.074,-1.36088122251881
5,20,0.25,6,2,0.0891408531424907,1486.74232843147,1.8642677367305,0.154,0.668,0.111,0.406,0.265,1.074,-1.36194880410899
5,40,0.35,8,3,0.08234918427043,1315.68835033028,1.81502872723357,0.119,0.683,0.097,0.432,0.216,1.115,-1.36436927093641
5,40,0.6,12,1,0.0817066028583021,1489.35039154046,1.7443869850778,0.087,0.714,0.067,0.48,0.154,1.194,-1.36626457607245
5,40,0.3,7,3,0.0861197719507327,1372.46456568611,1.76565602693167,0.132,0.683,0.098,0.432,0.23,1.115,-1.36682260245813
5,50,0.35,7,1,0.0542874007397688,1382.81468157939,2.08190550039305,0.131,0.668,0.09,0.406,0.221,1.074,-1.37976241522057
5,20,0.2,5,2,0.102896977274738,1373.01951504924,1.87597807526303,0.17,0.668,0.124,0.406,0.294,1.074,-1.3840498544991
5,10,0.45,8,1,0.101056772954675,1832.44659032729,1.86364483279954,0.116,0.714,0.083,0.48,0.199,1.194,-1.38668538080891
5,40,0.5,11,2,0.0816494283812727,1480.11827713554,1.73533375105684,0.103,0.714,0.089,0.48,0.192,1.194,-1.40387803286763
5,10,0.5,10,1,0.0708879618589631,1642.81583805162,1.73568976157035,0.109,0.714,0.088,0.48,0.197,1.194,-1.41154022239549
5,10,0.4,9,2,0.0873531586542193,1643.37693458476,1.77909450909818,0.128,0.714,0.086,0.48,0.214,1.194,-1.41638744552636
5,20,0.15,4,2,0.127329914098984,976.638538866399,1.62298535250915,0.207,0.668,0.152,0.406,0.359,1.074,-1.41913669420861
5,30,0.5,11,2,0.0749591784769097,1450.8144853723,1.75084067423057,0.114,0.714,0.087,0.48,0.201,1.194,-1.42258416467753
5,20,0.1,4,2,0.121267699555062,951.194857750402,1.60040017786788,0.207,0.668,0.152,0.406,0.359,1.074,-1.42421257534421
5,30,0.45,9,2,0.0844351403862929,1519.24192216246,1.77670336800475,0.123,0.714,0.101,0.48,0.224,1.194,-1.43527310030606
5,40,0.45,11,2,0.0735979129906114,1468.57166824018,1.75702390065654,0.119,0.714,0.097,0.48,0.216,1.194,-1.43867589366303
5,30,0.6,14,3,0.0598165024690244,1293.39083916422,1.73832810121143,0.11,0.714,0.087,0.48,0.197,1.194,-1.44034676569391
5,50,0.1,3,1,0.119636249458473,1240.69728911401,1.88817739102941,0.226,0.668,0.136,0.406,0.362,1.074,-1.44314662518877
5,10,0.35,8,2,0.0743114781602964,1565.47643961827,1.89062854099486,0.124,0.714,0.089,0.48,0.213,1.194,-1.44347755395828
5,30,0.4,8,2,0.0904027816466176,1567.06175869496,1.85708564255709,0.136,0.714,0.099,0.48,0.235,1.194,-1.44595269467434
5,10,0.3,5,2,0.127537446790276,1686.90632682679,1.70927619105495,0.175,0.714,0.133,0.48,0.308,1.194,-1.46104485597388
5,10,0.2,5,2,0.129118556166121,1655.81990840491,1.70775826107069,0.176,0.714,0.133,0.48,0.309,1.194,-1.4618662745207
5,40,0.25,6,2,0.084831233544099,1435.06428981191,1.90388415930545,0.138,0.714,0.097,0.48,0.235,1.194,-1.46280396789585
10,50,0.35,14,2,0.0702678593912572,2988.23853736506,1.3235480896013,0.08,0.593,0.088,0.801,0.168,1.394,-1.47467502270062
5,30,0.35,7,2,0.089518721268713,1445.46981461524,1.95464029697781,0.144,0.714,0.106,0.48,0.25,1.194,-1.47767181769831
5,50,0.5,9,2,0.0673669832482933,1334.9428028377,1.83471134027163,0.119,0.714,0.116,0.48,0.235,1.194,-1.47835701063698
5,30,0.25,6,2,0.0953610761238747,1586.57309477465,1.83202394284456,0.159,0.714,0.118,0.48,0.277,1.194,-1.47951266342185
5,30,0.3,6,2,0.0969912060887431,1572.13667457018,1.84389313107809,0.159,0.714,0.12,0.48,0.279,1.194,-1.48179127329056
5,30,0.2,5,2,0.108141506164653,1428.27181272618,1.79275161105553,0.178,0.714,0.135,0.48,0.313,1.194,-1.50672006430459
5,40,0.2,5,2,0.106302925992353,1426.25788077662,1.84702203920658,0.173,0.714,0.137,0.48,0.31,1.194,-1.51108638388947
2,10,0.2,5,2,0.115808537069097,855.153498569529,1.66710826090176,0.183,0.714,0.137,0.48,0.32,1.194,-1.5221446140926
2,10,0.3,7,2,0.0752491604918454,1166.59946643064,1.97408497969478,0.156,0.714,0.112,0.48,0.268,1.194,-1.5258293641561
2,10,0.5,11,3,0.0573407514156005,1064.37211769417,1.97408595445055,0.142,0.714,0.106,0.48,0.248,1.194,-1.52884923814475
2,10,0.6,11,2,0.0544676663101163,1086.3414516864,2.05048838973337,0.144,0.714,0.105,0.48,0.249,1.194,-1.5392641000789
2,10,0.35,8,2,0.0613585216888952,1090.40091024572,2.10294156094559,0.146,0.714,0.112,0.48,0.258,1.194,-1.54641558889338
2,10,0.4,9,2,0.052370700823174,1108.10991251343,2.07651649958509,0.15,0.714,0.109,0.48,0.259,1.194,-1.55287545350966
2,10,0.45,9,2,0.052332474235434,1084.04898128526,2.10328929885233,0.15,0.714,0.107,0.48,0.257,1.194,-1.55479400658554
5,30,0.15,4,2,0.121507807742102,996.484762770687,1.5606114923174,0.218,0.714,0.166,0.48,0.384,1.194,-1.5627291033511
5,30,0.1,4,2,0.121363303838534,994.875997404681,1.5590104679159,0.218,0.714,0.166,0.48,0.384,1.194,-1.56279394308282
5,40,0.15,4,2,0.117181996236535,963.58159073572,1.57544931737319,0.215,0.714,0.176,0.48,0.391,1.194,-1.577183855964
2,10,0.25,6,2,0.0599886511196334,977.525199090361,2.1134798541818,0.161,0.714,0.12,0.48,0.281,1.194,-1.57748307434403
5,40,0.1,4,2,0.116549211512255,962.620818948649,1.56948906518861,0.223,0.714,0.177,0.48,0.4,1.194,-1.58626865405917
2,10,0.1,3,1,0.11989796401361,1216.405192391,1.87021639399693,0.241,0.714,0.161,0.48,0.402,1.194,-1.60230341576653
2,10,0.15,3,1,0.120463652101001,1219.52863443978,1.88881545897019,0.241,0.714,0.161,0.48,0.402,1.194,-1.60344146207403
2,30,0.35,6,2,0.0522732685385545,621.118868879229,2.66649839431924,0.156,0.714,0.114,0.48,0.27,1.194,-1.64732062744941
2,40,0.6,9,3,0.0280160941565821,543.530158866838,2.8208355588674,0.135,0.714,0.103,0.48,0.238,1.194,-1.65889095378682
2,30,0.45,8,2,0.037590965133055,614.795589079763,2.92622690930321,0.14,0.714,0.103,0.48,0.243,1.194,-1.66129194634328
2,30,0.6,8,2,0.0385306492355615,610.761019977777,2.92833876139638,0.143,0.714,0.103,0.48,0.246,1.194,-1.66376517590519
2,30,0.4,7,2,0.0287719945818765,608.729505541749,2.82918638397806,0.149,0.714,0.104,0.48,0.253,1.194,-1.67071016853884
2,20,0.6,8,3,0.0502136389848613,670.721640674871,2.70887031186587,0.151,0.729,0.113,0.502,0.264,1.231,-1.68213731016798
2,30,0.5,8,2,0.034172861319494,595.119920314599,3.02441492507707,0.152,0.714,0.103,0.48,0.255,1.194,-1.68751263517248
2,40,0.5,8,3,0.0214343251594665,537.584136870788,2.86187986763678,0.144,0.714,0.115,0.48,0.259,1.194,-1.69087445476067
2,20,0.5,6,2,0.0532879705896304,806.012293158366,2.82158560799873,0.166,0.729,0.111,0.502,0.277,1.231,-1.69656997555232
2,20,0.45,6,2,0.0533468974061379,805.658918518331,2.82257479318867,0.166,0.729,0.111,0.502,0.277,1.231,-1.69662763598681
2,40,0.45,7,2,0.0229482622030156,595.85817864768,3.0771282997781,0.143,0.714,0.105,0.48,0.248,1.194,-1.69697165884241
2,20,0.35,5,2,0.0647783104374941,788.134793690932,2.51363641082233,0.182,0.729,0.138,0.502,0.32,1.231,-1.69817859096019
2,20,0.3,5,2,0.0633537976541135,785.475454560244,2.53304132578495,0.181,0.729,0.137,0.502,0.318,1.231,-1.69967656219637
2,20,0.2,3,1,0.0933480683424826,832.583901026404,2.39098858383344,0.241,0.714,0.161,0.48,0.402,1.194,-1.70012159498954
2,20,0.1,3,1,0.0929418066162093,830.032483127424,2.3870047845141,0.241,0.714,0.161,0.48,0.402,1.194,-1.70025704767883
2,20,0.15,3,1,0.092918568688543,830.689691084515,2.38799063084837,0.241,0.714,0.161,0.48,0.402,1.194,-1.70034600984207
2,20,0.25,5,2,0.0625561214514516,788.195856072071,2.54618789051839,0.181,0.729,0.136,0.502,0.317,1.231,-1.70065287479678
2,40,0.4,6,2,0.0386337214215947,615.723165775156,3.06211184330941,0.165,0.714,0.121,0.48,0.286,1.194,-1.71679130462059
2,50,0.6,8,2,0.0364734979857047,486.954936982098,3.0780131199145,0.157,0.714,0.121,0.48,0.278,1.194,-1.71898006715664
2,40,0.3,5,2,0.0523565643563504,630.847716321115,2.82075437827244,0.187,0.714,0.14,0.48,0.327,1.194,-1.71917648765484
2,40,0.25,5,2,0.0520238345051561,627.104888692406,2.82829151287955,0.187,0.714,0.14,0.48,0.327,1.194,-1.72045007234818
2,30,0.15,4,2,0.0747430426523416,492.44540306565,2.31848463363937,0.228,0.714,0.166,0.48,0.394,1.194,-1.72048315055831
2,30,0.2,4,2,0.0747221440783552,492.714657541807,2.31879440736112,0.228,0.714,0.166,0.48,0.394,1.194,-1.72052156378067
2,30,0.3,5,2,0.0527468236504975,601.73675767585,2.89419480655701,0.186,0.714,0.135,0.48,0.321,1.194,-1.72158581912141
2,50,0.25,5,2,0.0498467203120534,587.656049781859,2.86252462366148,0.184,0.714,0.137,0.48,0.321,1.194,-1.722022939565
2,30,0.25,5,2,0.0528629085509584,596.159454860078,2.89819303821576,0.186,0.714,0.135,0.48,0.321,1.194,-1.72214842252761
2,40,0.2,4,2,0.0781009741164504,508.382824672465,2.29219810982589,0.232,0.714,0.173,0.48,0.405,1.194,-1.72469969563252
2,40,0.35,5,2,0.0511232974876433,626.830623967195,2.86196003695557,0.19,0.714,0.144,0.48,0.334,1.194,-1.73173117500955
2,20,0.4,6,2,0.0395336969381371,714.28642305119,2.61520079037518,0.178,0.729,0.152,0.502,0.33,1.231,-1.74727206094682
2,40,0.1,3,1,0.0768136727992585,684.312157854194,2.63450898336839,0.241,0.714,0.161,0.48,0.402,1.194,-1.74842161764487
2,40,0.15,3,1,0.0767546299656748,684.884054349329,2.63675801157876,0.241,0.714,0.161,0.48,0.402,1.194,-1.74867696847473
2,30,0.1,3,1,0.0733657244144794,660.537651905574,2.67542527132831,0.241,0.714,0.161,0.48,0.402,1.194,-1.75714992012307
2,50,0.35,5,1,0.0405696570801797,682.886097287686,3.33306721431937,0.176,0.714,0.13,0.48,0.306,1.194,-1.75859275948737
2,50,0.1,3,1,0.0700711858268705,622.984785533687,2.74328193534048,0.241,0.714,0.161,0.48,0.402,1.194,-1.76910776843049
2,50,0.15,3,1,0.0699614141454766,624.266431859159,2.74482615267909,0.241,0.714,0.161,0.48,0.402,1.194,-1.76930787952947
2,50,0.2,3,1,0.0700814752566868,624.700258039769,2.7496305163898,0.241,0.714,0.161,0.48,0.402,1.194,-1.7696465634803
2,50,0.3,5,2,0.0495208519592052,598.626836096205,2.84631198511204,0.189,0.744,0.146,0.524,0.335,1.268,-1.80817900474719
